question,answer
Who are you?,"I'm your online shopping assistant, here to help you with product inquiries, orders, and more!"
Hi!,Hello! How can I assist you today?
Hello,Hi there! How may I help you today?
How are you?, I'm doing great. I hope you are having a good time too!
How to apply for a refund?,Refund will be credited to your payment account in 3 to 4 business days after confirmation of return order reception. Kindly contact the customer service if refund not received.
What is your return policy?,You can return products within 30 days of purchase. Ensure the product is unused and in its original packaging for a full refund.
How do I return a product?,"To return a product, go to your order history, select the item you want to return, and follow the steps. A pickup will be scheduled."
Can I exchange an item?,"Yes, we offer exchanges within 30 days of purchase for select items. Check the product details to confirm exchange eligibility."
What is the festive sale?,"Our festive sale offers discounts across various categories like electronics, clothing, home essentials, and more. Check the website for specific deals in each category!"
Are there any discounts on electronics?,"Yes, we have up to 50% off on electronics during the festive sale. Grab the latest gadgets at amazing prices!"
What products are available here?,"We offer a wide range of products including electronics, fashion, home decor, beauty products, and much more!"
What categories do you offer?,"Our categories include Electronics, Fashion, Home & Kitchen, Beauty & Health, Sports & Outdoors, and more."
How do I change my delivery address?,You can change your delivery address from the 'Account Settings' page before placing an order or by editing your shipping address at checkout.
I need to update my location.,No worries! Head over to the 'My Account' section and update your delivery address there.
How do I create an account?,"Click on 'Sign Up' at the top-right corner, enter your details, and follow the steps to create an account."
"I forgot my password, what should I do?",You can reset your password by clicking on 'Forgot Password' on the login page. A reset link will be sent to your registered email address.
How do I track my order?,"To track your order, go to the 'Orders' section in your account and select the item you want to track. The current status will be displayed."
Can I cancel my order?,"Yes, you can cancel your order before it is shipped. Go to 'Orders', select the order, and click on 'Cancel'."
Is there any student discount?,"Yes, we offer a 10% discount for students. Verify your student ID at checkout to avail the offer."
What payment methods do you accept?,"We accept various payment methods including credit/debit cards, net banking, and digital wallets like PayPal, Google Pay, etc."
Can I pay using Cash on Delivery?,"Yes, we offer Cash on Delivery (COD) for select products. Check the availability during checkout."
How do I apply a promo code?,You can apply a promo code at checkout by entering it in the 'Apply Promo Code' section.
Where is my order?,You can track your order status in the 'My Orders' section of your account.
What is the delivery time?,"The estimated delivery time depends on your location and the product, typically between 3-7 business days."
Do you ship internationally?,"Yes, we ship to select countries. You can check the delivery options at checkout or contact support for more details."
Can I change the shipping address after placing an order?,"Unfortunately, once an order is placed, you cannot change the shipping address. You can cancel and reorder with the correct address."
Are there any membership benefits?,"Yes, we offer a membership program that gives you access to exclusive discounts, early access to sales, and free shipping."
What is the warranty on electronics?,Most of our electronics come with a 1-year warranty. Please check individual product pages for specific warranty details.
How do I contact customer support?,You can reach customer support through the 'Contact Us' page or call our toll-free number for assistance.
Do you have a gift-wrapping option?,"Yes, we offer gift wrapping for select items. You can choose this option at checkout."
Can I review a product?,"Yes, after purchasing a product, you can leave a review by going to the product page and submitting your feedback."
Where are your physical stores located?,"We are an online-only store. However, you can shop from our website and app 24/7!"
What are the delivery charges?,Delivery charges depend on the order value and location. Free shipping is available for orders above a certain amount.
How do I update my account details?,You can update your account details by visiting the 'Account Settings' section.
Can I save items to a wishlist?,"Yes, you can add items to your wishlist by clicking the 'Add to Wishlist' button on the product page."
What’s the refund process?,"Once your return is processed, the refund will be credited to your original payment method within 7-10 business days."
How can I contact the seller?,You can contact the seller by visiting the product page and clicking on the 'Contact Seller' option if available.
What are the upcoming sales?,"Stay tuned for our upcoming Diwali, Black Friday, and Cyber Monday sales. Sign up for our newsletter to get early access!"
How do I unsubscribe from the newsletter?,"To unsubscribe, click the 'Unsubscribe' link at the bottom of any of our emails or update your email preferences in your account settings."
How do I return a damaged product?,"If your product is damaged, initiate a return within 48 hours of delivery through your 'Order History'. Provide images of the damaged item for faster processing."
Can I pre-order products?,"Yes, we allow pre-orders on select items. You can check the product page for the pre-order option."
Are your products eco-friendly?,Many of our products are eco-friendly. Look for the ‘Sustainable’ or ‘Eco-friendly’ tags on product pages.
How do I cancel a return request?,"If you want to cancel a return request, go to your 'Orders' page and click 'Cancel Return' for the respective item."
Can I order multiple products in one shipment?,"Yes, we offer combined shipping for multiple products in the same order to save on delivery charges."
Do you offer gift cards?,"Yes, we offer digital gift cards. You can purchase them under the 'Gift Cards' section on our website."
Can I use multiple promo codes on a single order?,"No, only one promo code can be applied per order."
How do I know if a product is authentic?,"We verify all our products through trusted sellers, and each product comes with an authenticity guarantee."
What happens if I’m not home during delivery?,"If you're not home, our delivery partner will leave a note or try delivering again. You can reschedule delivery through the tracking page."
Is same-day delivery available?,Same-day delivery is available for select items in certain locations. You can check availability at checkout.
How do I update my payment method?,Go to the 'Payments' section in your account settings to add or update your payment methods.
Can I combine gift cards with other payment methods?,"Yes, you can combine gift cards with other payment methods, such as credit or debit cards, at checkout."
Do I need an account to place an order?,"No, you can place an order as a guest, but having an account helps track orders and access exclusive deals."
What does ‘Out of Stock’ mean?,‘Out of Stock’ means the item is temporarily unavailable. You can choose to get notified when the item is back in stock.
Is there a minimum order value for free shipping?,"Yes, free shipping is available for orders above $50."
Can I change the color or size of an item after ordering?,"Unfortunately, once the order is placed, you cannot change the size or color. You will need to cancel and place a new order."
Do you offer corporate gifting options?,"Yes, we provide corporate gifting services. Please contact our customer service for more details."
How do I save my favorite products?,You can save your favorite products to a wishlist by clicking the 'Add to Wishlist' button on the product page.
What are your working hours for customer support?,"Our customer support team is available 24/7 via chat, email, and phone."
How do I report a technical issue with the website?,You can report any technical issues by reaching out to our technical support team through the 'Contact Us' page.
Are there any handling charges?,"Handling charges are included in the shipping fees, depending on the product category and location."
Can I get my product gift-wrapped for free?,Gift wrapping is available at a small additional charge. You can select this option at checkout.
Are there any additional taxes on the products?,Applicable taxes are included in the final price shown during checkout.
How long does it take to process a refund?,Refunds are usually processed within 7-10 business days after the product has been received and inspected.
Can I choose my delivery time?,Delivery time options may be available depending on your location. You can select a preferred time slot during checkout.
Are all products eligible for returns?,"Not all products are eligible for returns. Items like perishable goods, custom products, and final sale items are usually not returnable."
Can I return products bought during a sale?,"Yes, sale items are eligible for returns, unless otherwise specified in the sale terms."
How do I leave feedback for a product?,"After purchasing, go to the product page and leave a review under the 'Customer Reviews' section."
Can I change my phone number in my account?,"Yes, go to 'Account Settings' and update your phone number under the 'Personal Information' section."
How do I subscribe to product notifications?,You can subscribe to product updates by clicking 'Notify Me' on the product page.
Are there any charges for order cancellation?,"There are no charges for canceling an order before it is shipped. Once shipped, cancellation is not allowed."
How do I delete my account?,"To delete your account, contact customer support with your request. Please note that this action is permanent."
Is there an affiliate program?,"Yes, we offer an affiliate program where you can earn commissions by promoting our products. You can sign up through the 'Affiliate' section of our website."
Do you offer installment payment options?,"Yes, we offer payment plans through select providers. You can choose this option at checkout for eligible products."
How do I add a new shipping address?,Go to 'My Account' -> 'Addresses' and click 'Add New Address' to update your shipping information.
Can I purchase bulk quantities for business?,"Yes, we offer bulk purchasing for businesses. Please contact our sales team for bulk pricing and options."
What is the refund policy on services?,Refunds on services such as gift wrapping or premium delivery options are not applicable once the service has been provided.
Can I exchange a product bought as a gift?,"Yes, gifts can be exchanged within 30 days, provided they meet the return criteria. The recipient can exchange for a different product or store credit."
Are there any products that cannot be shipped to my location?,"Some products, such as hazardous materials or oversized items, may not be eligible for shipping to certain locations due to restrictions."
How do I apply for a vendor account?,Vendors can apply by visiting our 'Become a Seller' section. Fill out the application form and our team will review your request.
Can I cancel a pre-order?,"Yes, pre-orders can be canceled before they are shipped."
Can I split my payment between two cards?,"No, currently we do not support splitting payments across multiple cards."
How do I know if an item is eligible for warranty?,Warranty information is listed on the product page under 'Warranty & Support'. You can also contact customer service for more details.
How do I leave seller feedback?,You can leave seller feedback after your order is completed by going to the 'Orders' section and choosing 'Leave Feedback'.
Do you offer price matching?,"Yes, we offer price matching on select products. Contact our support team to request a price match before placing your order."
What happens if a product is delayed?,"In the event of a delay, we will notify you via email or SMS with an updated delivery estimate. You can also track the progress in your order history."
Can I schedule a delivery for a future date?,"Yes, future date deliveries are available for certain products. You can select the delivery date during checkout."
Do I need to pay custom duties on international orders?,"For international orders, custom duties and taxes may apply, which are the responsibility of the buyer and will be calculated at checkout."
How do I apply for product financing?,You can apply for product financing through our payment partners during checkout. Look for the 'Pay in Installments' option.
What is the difference between a guest and registered user?,"A registered user can track orders, manage addresses, and access exclusive discounts, while guest users have to re-enter details for each order."
Can I track the delivery driver’s location?,"Yes, real-time delivery tracking is available in certain locations. You will receive a live tracking link once your order is out for delivery."
How do I redeem loyalty points?,You can redeem loyalty points at checkout by selecting the 'Apply Points' option. Each point reduces your total bill.
How do I check product availability in my area?,Enter your ZIP code on the product page to check if the item is available for delivery in your area.
Can I get a tax invoice for my order?,"Yes, a tax invoice will be emailed to you once your order is shipped. You can also download it from the 'Orders' section of your account."
How do I track a return shipment?,"Once you initiate a return, you will receive a tracking number for the return shipment. You can track its status from your account."
What happens if I receive the wrong item?,"If you receive the wrong item, please contact customer support immediately. We will arrange for a return and replacement at no extra cost."
How do I know if a product is available for express delivery?,Eligible products for express delivery will have a 'Next Day Delivery' or 'Express Delivery' tag on the product page.
Can I return an item bought with a gift card?,"Yes, items purchased with a gift card can be returned, and the refunded amount will be credited back to your gift card balance."
Do I need to sign for my package upon delivery?,"For high-value items, a signature may be required upon delivery. You will be notified if this applies to your order."
Can I reorder items from my previous orders?,"Yes, you can easily reorder items from your previous purchases. Just go to your 'Order History' and click the 'Reorder' button next to the product."
How do I update my email address?,You can update your email address by going to the 'Account Settings' section under 'Personal Information' and editing your current email address.
Do you offer subscription services for regular purchases?,"Yes, we offer subscription services for select products like groceries and household items. You can set up a subscription plan on the product page for automatic deliveries."
Thank you for your service.,"You're welcome! I hope I helped you solve your queries, have a great day ahead!"